,Position,Track Name,Artist,Streams,URL,Date,Region,city_coord
0,1,Reggaetón Lento (Bailemos),CNCO,19272,https://open.spotify.com/track/3AEZUABDXNtecAOSC1qTfo,2017-01-01,ec,"(-1.3397668, -79.3666965)"
1,2,Chantaje,Shakira,19270,https://open.spotify.com/track/6mICuAdrwEjh6Y6lroV2Kg,2017-01-01,ec,"(-1.3397668, -79.3666965)"
2,3,Otra Vez (feat. J Balvin),Zion & Lennox,15761,https://open.spotify.com/track/3QwBODjSEzelZyVjxPOHdq,2017-01-01,ec,"(-1.3397668, -79.3666965)"
3,4,Vente Pa' Ca,Ricky Martin,14954,https://open.spotify.com/track/7DM4BPaS7uofFul3ywMe46,2017-01-01,ec,"(-1.3397668, -79.3666965)"
4,5,Safari,J Balvin,14269,https://open.spotify.com/track/6rQSrBHf7HlZjtcMZ4S4bO,2017-01-01,ec,"(-1.3397668, -79.3666965)"
5,1,One Dance,Drake,89403,https://open.spotify.com/track/1xznGGDReH1oQq0xzbwXa3,2017-01-01,fr,"(46.603354, 1.8883335)"
6,2,Starboy,The Weeknd,80882,https://open.spotify.com/track/5aAx2yezTd8zXrkmtKl66Z,2017-01-01,fr,"(46.603354, 1.8883335)"
7,3,24K Magic,Bruno Mars,80838,https://open.spotify.com/track/6b8Be6ljOzmkOmFslEb23P,2017-01-01,fr,"(46.603354, 1.8883335)"
8,4,My Way,Calvin Harris,72133,https://open.spotify.com/track/1vvNmPOiUuyCbgWmtc6yfm,2017-01-01,fr,"(46.603354, 1.8883335)"
9,5,Mauvaise graine,Nekfeu,71082,https://open.spotify.com/track/4kKJ5CjwCtksszPMntho4N,2017-01-01,fr,"(46.603354, 1.8883335)"
10,1,Chantaje,Shakira,253019,https://open.spotify.com/track/6mICuAdrwEjh6Y6lroV2Kg,2017-01-01,ar,"(-34.9964963, -64.9672817)"
11,2,Vente Pa' Ca,Ricky Martin,223988,https://open.spotify.com/track/7DM4BPaS7uofFul3ywMe46,2017-01-01,ar,"(-34.9964963, -64.9672817)"
12,3,Reggaetón Lento (Bailemos),CNCO,210943,https://open.spotify.com/track/3AEZUABDXNtecAOSC1qTfo,2017-01-01,ar,"(-34.9964963, -64.9672817)"
13,4,Safari,J Balvin,173865,https://open.spotify.com/track/6rQSrBHf7HlZjtcMZ4S4bO,2017-01-01,ar,"(-34.9964963, -64.9672817)"
14,5,Shaky Shaky,Daddy Yankee,153956,https://open.spotify.com/track/58IL315gMSTD37DOZPJ2hf,2017-01-01,ar,"(-34.9964963, -64.9672817)"
15,1,Hukutaan,Arttu Lindeman,60220,https://open.spotify.com/track/0i8qXP5jTcu3dPfwZrboV3,2017-01-01,fi,"(63.2467777, 25.9209164)"
16,2,Alone,Alan Walker,56319,https://open.spotify.com/track/0JiVRyTJcJnmlwCZ854K4p,2017-01-01,fi,"(63.2467777, 25.9209164)"
17,3,Loistat Pimeäs,Mikael Gabriel,48022,https://open.spotify.com/track/3bCuspxImskpiHF3udYdFI,2017-01-01,fi,"(63.2467777, 25.9209164)"
18,4,Rockabye (feat. Sean Paul & Anne-Marie),Clean Bandit,44903,https://open.spotify.com/track/5knuzwU65gJK7IF5yJsuaW,2017-01-01,fi,"(63.2467777, 25.9209164)"
19,5,Sinuhe,Profeetat,38004,https://open.spotify.com/track/1muAf2i6NwO1O7MMEr0A8O,2017-01-01,fi,"(63.2467777, 25.9209164)"
20,1,Alone,Alan Walker,103886,https://open.spotify.com/track/0JiVRyTJcJnmlwCZ854K4p,2017-01-01,no,"(60.5000209, 9.0999715)"
21,2,Rockabye (feat. Sean Paul & Anne-Marie),Clean Bandit,85990,https://open.spotify.com/track/5knuzwU65gJK7IF5yJsuaW,2017-01-01,no,"(60.5000209, 9.0999715)"
22,3,"I Don’t Wanna Live Forever (Fifty Shades Darker) - From ""Fifty Shades Darker (Original Motion Picture Soundtrack)""",ZAYN,68706,https://open.spotify.com/track/3NdDpSvN911VPGivFlV5d0,2017-01-01,no,"(60.5000209, 9.0999715)"
23,4,Call On Me - Ryan Riback Extended Remix,Starley,60334,https://open.spotify.com/track/78rIJddV4X0HkNAInEcYde,2017-01-01,no,"(60.5000209, 9.0999715)"
24,5,I Feel It Coming,The Weeknd,56607,https://open.spotify.com/track/5GXAXm5YOmYT0kL5jHvYBt,2017-01-01,no,"(60.5000209, 9.0999715)"
25,1,Rockabye (feat. Sean Paul & Anne-Marie),Clean Bandit,71014,https://open.spotify.com/track/5knuzwU65gJK7IF5yJsuaW,2017-01-01,it,"(42.6384261, 12.674297)"
26,2,Tutto Molto Interessante,Fabio Rovazzi,54803,https://open.spotify.com/track/5lyTvBqxtjyPray48fCWgj,2017-01-01,it,"(42.6384261, 12.674297)"
27,3,Closer,The Chainsmokers,54136,https://open.spotify.com/track/7BKLCZ1jbUBVqRi2FVlTVw,2017-01-01,it,"(42.6384261, 12.674297)"
28,4,Let Me Love You,DJ Snake,52883,https://open.spotify.com/track/4pdPtRcBmOSQDlJ3Fk945m,2017-01-01,it,"(42.6384261, 12.674297)"
29,5,Human,Rag'n'Bone Man,48454,https://open.spotify.com/track/58zsLZPvfflaiIbNWoA22O,2017-01-01,it,"(42.6384261, 12.674297)"
30,1,Starboy,The Weeknd,2583,https://open.spotify.com/track/5aAx2yezTd8zXrkmtKl66Z,2017-01-01,lt,"(55.3500003, 23.7499997)"
31,2,I Feel It Coming,The Weeknd,2257,https://open.spotify.com/track/5GXAXm5YOmYT0kL5jHvYBt,2017-01-01,lt,"(55.3500003, 23.7499997)"
32,3,"I Don’t Wanna Live Forever (Fifty Shades Darker) - From ""Fifty Shades Darker (Original Motion Picture Soundtrack)""",ZAYN,1972,https://open.spotify.com/track/3NdDpSvN911VPGivFlV5d0,2017-01-01,lt,"(55.3500003, 23.7499997)"
33,4,Rockabye (feat. Sean Paul & Anne-Marie),Clean Bandit,1961,https://open.spotify.com/track/5knuzwU65gJK7IF5yJsuaW,2017-01-01,lt,"(55.3500003, 23.7499997)"
34,5,Closer,The Chainsmokers,1944,https://open.spotify.com/track/7BKLCZ1jbUBVqRi2FVlTVw,2017-01-01,lt,"(55.3500003, 23.7499997)"
35,1,Versace On The Floor,Bruno Mars,185236,https://open.spotify.com/track/0kN8xEmgMW9mh7UmDYHlJP,2017-01-01,ph,"(12.44249325, 122.160395163807)"
36,2,Say You Won't Let Go,James Arthur,180552,https://open.spotify.com/track/5uCax9HTNlzGybIStD3vDh,2017-01-01,ph,"(12.44249325, 122.160395163807)"
37,3,Closer,The Chainsmokers,158720,https://open.spotify.com/track/7BKLCZ1jbUBVqRi2FVlTVw,2017-01-01,ph,"(12.44249325, 122.160395163807)"
38,4,All We Know,The Chainsmokers,130874,https://open.spotify.com/track/2rizacJSyD9S1IQUxUxnsK,2017-01-01,ph,"(12.44249325, 122.160395163807)"
39,5,Don't Wanna Know,Maroon 5,129656,https://open.spotify.com/track/5MFzQMkrl1FOOng9tq6R9r,2017-01-01,ph,"(12.44249325, 122.160395163807)"
40,1,Closer,The Chainsmokers,18651,https://open.spotify.com/track/7BKLCZ1jbUBVqRi2FVlTVw,2017-01-01,tw,"(23.9739374, 120.9820179)"
41,2,Starboy,The Weeknd,14568,https://open.spotify.com/track/5aAx2yezTd8zXrkmtKl66Z,2017-01-01,tw,"(23.9739374, 120.9820179)"
42,3,"I Don’t Wanna Live Forever (Fifty Shades Darker) - From ""Fifty Shades Darker (Original Motion Picture Soundtrack)""",ZAYN,13476,https://open.spotify.com/track/3NdDpSvN911VPGivFlV5d0,2017-01-01,tw,"(23.9739374, 120.9820179)"
43,4,Let Me Love You,DJ Snake,13431,https://open.spotify.com/track/4pdPtRcBmOSQDlJ3Fk945m,2017-01-01,tw,"(23.9739374, 120.9820179)"
44,5,帥到分手,NICKTHEREAL,13315,https://open.spotify.com/track/2tG6FZtaX5NPWFA64d8DWz,2017-01-01,tw,"(23.9739374, 120.9820179)"
45,1,Rockabye (feat. Sean Paul & Anne-Marie),Clean Bandit,28957,https://open.spotify.com/track/5knuzwU65gJK7IF5yJsuaW,2017-01-01,nz,"(-41.5000831, 172.8344077)"
46,2,Starboy,The Weeknd,28259,https://open.spotify.com/track/5aAx2yezTd8zXrkmtKl66Z,2017-01-01,nz,"(-41.5000831, 172.8344077)"
47,3,Closer,The Chainsmokers,26958,https://open.spotify.com/track/7BKLCZ1jbUBVqRi2FVlTVw,2017-01-01,nz,"(-41.5000831, 172.8344077)"
48,4,24K Magic,Bruno Mars,24563,https://open.spotify.com/track/6b8Be6ljOzmkOmFslEb23P,2017-01-01,nz,"(-41.5000831, 172.8344077)"
49,5,Say You Won't Let Go,James Arthur,24005,https://open.spotify.com/track/5uCax9HTNlzGybIStD3vDh,2017-01-01,nz,"(-41.5000831, 172.8344077)"
50,1,Starboy,The Weeknd,1950,https://open.spotify.com/track/5aAx2yezTd8zXrkmtKl66Z,2017-01-01,ee,"(58.7523778, 25.3319078)"
51,2,Tuesday,Burak Yeter,1727,https://open.spotify.com/track/7abpmGpF7PGep2rDU68GBR,2017-01-01,ee,"(58.7523778, 25.3319078)"
52,3,Closer,The Chainsmokers,1692,https://open.spotify.com/track/7BKLCZ1jbUBVqRi2FVlTVw,2017-01-01,ee,"(58.7523778, 25.3319078)"
53,4,Alone,Alan Walker,1649,https://open.spotify.com/track/0JiVRyTJcJnmlwCZ854K4p,2017-01-01,ee,"(58.7523778, 25.3319078)"
54,5,Rockabye (feat. Sean Paul & Anne-Marie),Clean Bandit,1638,https://open.spotify.com/track/5knuzwU65gJK7IF5yJsuaW,2017-01-01,ee,"(58.7523778, 25.3319078)"
55,1,Gece Gölgenin Rahatına Bak,Çağatay Akman,80607,https://open.spotify.com/track/3P31rcl0ym5paqRdwSiZps,2017-01-01,tr,"(38.9597594, 34.9249653)"
56,2,Starboy,The Weeknd,44427,https://open.spotify.com/track/5aAx2yezTd8zXrkmtKl66Z,2017-01-01,tr,"(38.9597594, 34.9249653)"
57,3,Affet,Müslüm Gürses,34889,https://open.spotify.com/track/0ikRchpmFlaqlzLRgu9qWk,2017-01-01,tr,"(38.9597594, 34.9249653)"
58,4,Rockabye (feat. Sean Paul & Anne-Marie),Clean Bandit,28400,https://open.spotify.com/track/5knuzwU65gJK7IF5yJsuaW,2017-01-01,tr,"(38.9597594, 34.9249653)"
59,5,Let Me Love You,DJ Snake,25425,https://open.spotify.com/track/4pdPtRcBmOSQDlJ3Fk945m,2017-01-01,tr,"(38.9597594, 34.9249653)"
60,1,Bad and Boujee (feat. Lil Uzi Vert),Migos,1371493,https://open.spotify.com/track/4Km5HrUvYTaSUfiSGPJeQR,2017-01-01,us,"(39.7837304, -100.4458825)"
61,2,Fake Love,Drake,1180074,https://open.spotify.com/track/343YBumqHu19cGoGARUTsd,2017-01-01,us,"(39.7837304, -100.4458825)"
62,3,Starboy,The Weeknd,1064351,https://open.spotify.com/track/5aAx2yezTd8zXrkmtKl66Z,2017-01-01,us,"(39.7837304, -100.4458825)"
63,4,Closer,The Chainsmokers,1010492,https://open.spotify.com/track/7BKLCZ1jbUBVqRi2FVlTVw,2017-01-01,us,"(39.7837304, -100.4458825)"
64,5,Black Beatles,Rae Sremmurd,874289,https://open.spotify.com/track/6fujklziTHa8uoM5OQSfIo,2017-01-01,us,"(39.7837304, -100.4458825)"
65,1,Reggaetón Lento (Bailemos),CNCO,5981,https://open.spotify.com/track/3AEZUABDXNtecAOSC1qTfo,2017-01-01,sv,"(13.8000382, -88.9140683)"
66,2,Otra Vez (feat. J Balvin),Zion & Lennox,5513,https://open.spotify.com/track/3QwBODjSEzelZyVjxPOHdq,2017-01-01,sv,"(13.8000382, -88.9140683)"
67,3,Chantaje,Shakira,5485,https://open.spotify.com/track/6mICuAdrwEjh6Y6lroV2Kg,2017-01-01,sv,"(13.8000382, -88.9140683)"
68,4,Safari,J Balvin,5033,https://open.spotify.com/track/6rQSrBHf7HlZjtcMZ4S4bO,2017-01-01,sv,"(13.8000382, -88.9140683)"
69,5,Vente Pa' Ca,Ricky Martin,4102,https://open.spotify.com/track/7DM4BPaS7uofFul3ywMe46,2017-01-01,sv,"(13.8000382, -88.9140683)"
70,1,Reggaetón Lento (Bailemos),CNCO,20171,https://open.spotify.com/track/3AEZUABDXNtecAOSC1qTfo,2017-01-01,cr,"(10.2735633, -84.0739102)"
71,2,Chantaje,Shakira,18779,https://open.spotify.com/track/6mICuAdrwEjh6Y6lroV2Kg,2017-01-01,cr,"(10.2735633, -84.0739102)"
72,3,Otra Vez (feat. J Balvin),Zion & Lennox,18196,https://open.spotify.com/track/3QwBODjSEzelZyVjxPOHdq,2017-01-01,cr,"(10.2735633, -84.0739102)"
73,4,Safari,J Balvin,18035,https://open.spotify.com/track/6rQSrBHf7HlZjtcMZ4S4bO,2017-01-01,cr,"(10.2735633, -84.0739102)"
74,5,La Bicicleta,Carlos Vives,14388,https://open.spotify.com/track/0sXvAOmXgjR2QUqLK1MltU,2017-01-01,cr,"(10.2735633, -84.0739102)"
75,1,Rockabye (feat. Sean Paul & Anne-Marie),Clean Bandit,229398,https://open.spotify.com/track/5knuzwU65gJK7IF5yJsuaW,2017-01-01,de,"(51.0834196, 10.4234469)"
76,2,Alone,Alan Walker,192026,https://open.spotify.com/track/0JiVRyTJcJnmlwCZ854K4p,2017-01-01,de,"(51.0834196, 10.4234469)"
77,3,Chöre,Mark Forster,181869,https://open.spotify.com/track/2nYpbaLykC2cjU8Yt5KF1v,2017-01-01,de,"(51.0834196, 10.4234469)"
78,4,Starboy,The Weeknd,176328,https://open.spotify.com/track/5aAx2yezTd8zXrkmtKl66Z,2017-01-01,de,"(51.0834196, 10.4234469)"
79,5,Closer,The Chainsmokers,170745,https://open.spotify.com/track/7BKLCZ1jbUBVqRi2FVlTVw,2017-01-01,de,"(51.0834196, 10.4234469)"
80,1,Chantaje,Shakira,136652,https://open.spotify.com/track/6mICuAdrwEjh6Y6lroV2Kg,2017-01-01,cl,"(-31.7613365, -71.3187697)"
81,2,Otra Vez (feat. J Balvin),Zion & Lennox,108344,https://open.spotify.com/track/3QwBODjSEzelZyVjxPOHdq,2017-01-01,cl,"(-31.7613365, -71.3187697)"
82,3,Vente Pa' Ca,Ricky Martin,105203,https://open.spotify.com/track/7DM4BPaS7uofFul3ywMe46,2017-01-01,cl,"(-31.7613365, -71.3187697)"
83,4,Reggaetón Lento (Bailemos),CNCO,97931,https://open.spotify.com/track/3AEZUABDXNtecAOSC1qTfo,2017-01-01,cl,"(-31.7613365, -71.3187697)"
84,5,Safari,J Balvin,82663,https://open.spotify.com/track/6rQSrBHf7HlZjtcMZ4S4bO,2017-01-01,cl,"(-31.7613365, -71.3187697)"
85,1,Closer,The Chainsmokers,6342,https://open.spotify.com/track/7BKLCZ1jbUBVqRi2FVlTVw,2017-01-01,jp,"(36.5748441, 139.2394179)"
86,2,I Feel It Coming,The Weeknd,5697,https://open.spotify.com/track/5GXAXm5YOmYT0kL5jHvYBt,2017-01-01,jp,"(36.5748441, 139.2394179)"
87,3,Let Me Love You,DJ Snake,5149,https://open.spotify.com/track/4pdPtRcBmOSQDlJ3Fk945m,2017-01-01,jp,"(36.5748441, 139.2394179)"
88,4,24K Magic,Bruno Mars,4846,https://open.spotify.com/track/6b8Be6ljOzmkOmFslEb23P,2017-01-01,jp,"(36.5748441, 139.2394179)"
89,5,Don't Wanna Know,Maroon 5,4595,https://open.spotify.com/track/5MFzQMkrl1FOOng9tq6R9r,2017-01-01,jp,"(36.5748441, 139.2394179)"
90,1,Deu Onda,MC G15,612271,https://open.spotify.com/track/0EPxmvsG1BY5td4aTOkWBF,2017-01-01,br,"(-10.3333333, -53.2)"
91,2,Hear Me Now,Alok,269574,https://open.spotify.com/track/1a5Yu5L18qNxVhXx38njON,2017-01-01,br,"(-10.3333333, -53.2)"
92,3,10% - Ao Vivo,Maiara & Maraisa,228307,https://open.spotify.com/track/2wFnRPjuqwNySFiK0Qfg8L,2017-01-01,br,"(-10.3333333, -53.2)"
93,4,Eu Sei de Cor - Ao Vivo | Acústico,Marília Mendonça,217394,https://open.spotify.com/track/45wqPwIH4A5cr2IyyD4WKf,2017-01-01,br,"(-10.3333333, -53.2)"
94,5,Meu Coração Deu PT - Ao Vivo,Wesley Safadão,214171,https://open.spotify.com/track/6zCqeUUqLb2CapBmVwAHll,2017-01-01,br,"(-10.3333333, -53.2)"
95,1,Otra Vez (feat. J Balvin),Zion & Lennox,6762,https://open.spotify.com/track/3QwBODjSEzelZyVjxPOHdq,2017-01-01,hn,"(15.2572432, -86.0755145)"
96,2,Chantaje,Shakira,6467,https://open.spotify.com/track/6mICuAdrwEjh6Y6lroV2Kg,2017-01-01,hn,"(15.2572432, -86.0755145)"
97,3,Safari,J Balvin,5951,https://open.spotify.com/track/6rQSrBHf7HlZjtcMZ4S4bO,2017-01-01,hn,"(15.2572432, -86.0755145)"
98,4,Reggaetón Lento (Bailemos),CNCO,5760,https://open.spotify.com/track/3AEZUABDXNtecAOSC1qTfo,2017-01-01,hn,"(15.2572432, -86.0755145)"
99,5,Shaky Shaky,Daddy Yankee,5054,https://open.spotify.com/track/58IL315gMSTD37DOZPJ2hf,2017-01-01,hn,"(15.2572432, -86.0755145)"
100,1,Reggaetón Lento (Bailemos),CNCO,9124,https://open.spotify.com/track/3AEZUABDXNtecAOSC1qTfo,2017-01-01,gt,"(15.6356088, -89.8988087)"
101,2,Otra Vez (feat. J Balvin),Zion & Lennox,8886,https://open.spotify.com/track/3QwBODjSEzelZyVjxPOHdq,2017-01-01,gt,"(15.6356088, -89.8988087)"
102,3,Chantaje,Shakira,8693,https://open.spotify.com/track/6mICuAdrwEjh6Y6lroV2Kg,2017-01-01,gt,"(15.6356088, -89.8988087)"
103,4,Safari,J Balvin,7482,https://open.spotify.com/track/6rQSrBHf7HlZjtcMZ4S4bO,2017-01-01,gt,"(15.6356088, -89.8988087)"
104,5,Vente Pa' Ca,Ricky Martin,6503,https://open.spotify.com/track/7DM4BPaS7uofFul3ywMe46,2017-01-01,gt,"(15.6356088, -89.8988087)"
105,1,Rockabye (feat. Sean Paul & Anne-Marie),Clean Bandit,14352,https://open.spotify.com/track/5knuzwU65gJK7IF5yJsuaW,2017-01-01,ch,"(46.7985624, 8.2319736)"
106,2,Starboy,The Weeknd,14218,https://open.spotify.com/track/5aAx2yezTd8zXrkmtKl66Z,2017-01-01,ch,"(46.7985624, 8.2319736)"
107,3,Let Me Love You,DJ Snake,13549,https://open.spotify.com/track/4pdPtRcBmOSQDlJ3Fk945m,2017-01-01,ch,"(46.7985624, 8.2319736)"
108,4,Closer,The Chainsmokers,12988,https://open.spotify.com/track/7BKLCZ1jbUBVqRi2FVlTVw,2017-01-01,ch,"(46.7985624, 8.2319736)"
109,5,Say You Won't Let Go,James Arthur,11289,https://open.spotify.com/track/5uCax9HTNlzGybIStD3vDh,2017-01-01,ch,"(46.7985624, 8.2319736)"
110,1,Rockabye (feat. Sean Paul & Anne-Marie),Clean Bandit,6263,https://open.spotify.com/track/5knuzwU65gJK7IF5yJsuaW,2017-01-01,hu,"(47.1817585, 19.5060937)"
111,2,Starboy,The Weeknd,5158,https://open.spotify.com/track/5aAx2yezTd8zXrkmtKl66Z,2017-01-01,hu,"(47.1817585, 19.5060937)"
112,3,Closer,The Chainsmokers,5095,https://open.spotify.com/track/7BKLCZ1jbUBVqRi2FVlTVw,2017-01-01,hu,"(47.1817585, 19.5060937)"
113,4,Let Me Love You,DJ Snake,4956,https://open.spotify.com/track/4pdPtRcBmOSQDlJ3Fk945m,2017-01-01,hu,"(47.1817585, 19.5060937)"
114,5,Don't Wanna Know,Maroon 5,3723,https://open.spotify.com/track/5MFzQMkrl1FOOng9tq6R9r,2017-01-01,hu,"(47.1817585, 19.5060937)"
115,1,Starboy,The Weeknd,139175,https://open.spotify.com/track/5aAx2yezTd8zXrkmtKl66Z,2017-01-01,ca,"(61.0666922, -107.9917071)"
116,2,Closer,The Chainsmokers,128481,https://open.spotify.com/track/7BKLCZ1jbUBVqRi2FVlTVw,2017-01-01,ca,"(61.0666922, -107.9917071)"
117,3,Fake Love,Drake,118532,https://open.spotify.com/track/343YBumqHu19cGoGARUTsd,2017-01-01,ca,"(61.0666922, -107.9917071)"
118,4,Bad and Boujee (feat. Lil Uzi Vert),Migos,100524,https://open.spotify.com/track/4Km5HrUvYTaSUfiSGPJeQR,2017-01-01,ca,"(61.0666922, -107.9917071)"
119,5,One Dance,Drake,90257,https://open.spotify.com/track/1xznGGDReH1oQq0xzbwXa3,2017-01-01,ca,"(61.0666922, -107.9917071)"
120,1,Chantaje,Shakira,39602,https://open.spotify.com/track/6mICuAdrwEjh6Y6lroV2Kg,2017-01-01,pe,"(-6.8699697, -75.0458515)"
121,2,Reggaetón Lento (Bailemos),CNCO,36580,https://open.spotify.com/track/3AEZUABDXNtecAOSC1qTfo,2017-01-01,pe,"(-6.8699697, -75.0458515)"
122,3,Safari,J Balvin,34236,https://open.spotify.com/track/6rQSrBHf7HlZjtcMZ4S4bO,2017-01-01,pe,"(-6.8699697, -75.0458515)"
123,4,Otra Vez (feat. J Balvin),Zion & Lennox,30781,https://open.spotify.com/track/3QwBODjSEzelZyVjxPOHdq,2017-01-01,pe,"(-6.8699697, -75.0458515)"
124,5,La Bicicleta,Carlos Vives,29298,https://open.spotify.com/track/0sXvAOmXgjR2QUqLK1MltU,2017-01-01,pe,"(-6.8699697, -75.0458515)"
125,1,Hey Baby,Dimitri Vegas & Like Mike,23277,https://open.spotify.com/track/6yc377A8qxHIjPUcjGD4ET,2017-01-01,be,"(50.6402809, 4.6667145)"
126,2,Closer,The Chainsmokers,17456,https://open.spotify.com/track/7BKLCZ1jbUBVqRi2FVlTVw,2017-01-01,be,"(50.6402809, 4.6667145)"
127,3,Starboy,The Weeknd,17374,https://open.spotify.com/track/5aAx2yezTd8zXrkmtKl66Z,2017-01-01,be,"(50.6402809, 4.6667145)"
128,4,Rockabye (feat. Sean Paul & Anne-Marie),Clean Bandit,16763,https://open.spotify.com/track/5knuzwU65gJK7IF5yJsuaW,2017-01-01,be,"(50.6402809, 4.6667145)"
129,5,What Is Love 2016,Lost Frequencies,16197,https://open.spotify.com/track/5hIR7SX1fSrr5evIAPDY5o,2017-01-01,be,"(50.6402809, 4.6667145)"
130,1,Closer,The Chainsmokers,27062,https://open.spotify.com/track/7BKLCZ1jbUBVqRi2FVlTVw,2017-01-01,my,"(39.7837304, -100.4458825)"
131,2,Say You Won't Let Go,James Arthur,26577,https://open.spotify.com/track/5uCax9HTNlzGybIStD3vDh,2017-01-01,my,"(39.7837304, -100.4458825)"
132,3,Starboy,The Weeknd,24878,https://open.spotify.com/track/5aAx2yezTd8zXrkmtKl66Z,2017-01-01,my,"(39.7837304, -100.4458825)"
133,4,Let Me Love You,DJ Snake,22310,https://open.spotify.com/track/4pdPtRcBmOSQDlJ3Fk945m,2017-01-01,my,"(39.7837304, -100.4458825)"
134,5,Bad Things (with Camila Cabello),Machine Gun Kelly,20668,https://open.spotify.com/track/1PSBzsahR2AKwLJgx8ehBj,2017-01-01,my,"(39.7837304, -100.4458825)"
135,1,Rockabye (feat. Sean Paul & Anne-Marie),Clean Bandit,50956,https://open.spotify.com/track/5knuzwU65gJK7IF5yJsuaW,2017-01-01,dk,"(55.670249, 10.3333283)"
136,2,Ked Af Det,Gulddreng,50360,https://open.spotify.com/track/2rt7ngjBKXKufIVz2xmVMd,2017-01-01,dk,"(55.670249, 10.3333283)"
137,3,KranAlarm,Jesu Brødre,45434,https://open.spotify.com/track/6nCNkAMUW0zmJfcN0dbx92,2017-01-01,dk,"(55.670249, 10.3333283)"
138,4,Helwa,Gilli,44174,https://open.spotify.com/track/7uXAWHUWb9XiR7tXoLw4uD,2017-01-01,dk,"(55.670249, 10.3333283)"
139,5,Starboy,The Weeknd,43664,https://open.spotify.com/track/5aAx2yezTd8zXrkmtKl66Z,2017-01-01,dk,"(55.670249, 10.3333283)"
140,1,Reggaetón Lento (Bailemos),CNCO,6784,https://open.spotify.com/track/3AEZUABDXNtecAOSC1qTfo,2017-01-01,bo,"(-17.0568696, -64.9912286)"
141,2,Otra Vez (feat. J Balvin),Zion & Lennox,5748,https://open.spotify.com/track/3QwBODjSEzelZyVjxPOHdq,2017-01-01,bo,"(-17.0568696, -64.9912286)"
142,3,Chantaje,Shakira,5506,https://open.spotify.com/track/6mICuAdrwEjh6Y6lroV2Kg,2017-01-01,bo,"(-17.0568696, -64.9912286)"
143,4,Vente Pa' Ca,Ricky Martin,4804,https://open.spotify.com/track/7DM4BPaS7uofFul3ywMe46,2017-01-01,bo,"(-17.0568696, -64.9912286)"
144,5,Traicionera,Sebastian Yatra,4780,https://open.spotify.com/track/5J1c3M4EldCfNxXwrwt8mT,2017-01-01,bo,"(-17.0568696, -64.9912286)"
145,1,Let Me Love You,DJ Snake,26290,https://open.spotify.com/track/4pdPtRcBmOSQDlJ3Fk945m,2017-01-01,pl,"(52.0977181, 19.0258159)"
146,2,Starboy,The Weeknd,25198,https://open.spotify.com/track/5aAx2yezTd8zXrkmtKl66Z,2017-01-01,pl,"(52.0977181, 19.0258159)"
147,3,Closer,The Chainsmokers,24642,https://open.spotify.com/track/7BKLCZ1jbUBVqRi2FVlTVw,2017-01-01,pl,"(52.0977181, 19.0258159)"
148,4,Tuesday,Burak Yeter,24630,https://open.spotify.com/track/7abpmGpF7PGep2rDU68GBR,2017-01-01,pl,"(52.0977181, 19.0258159)"
149,5,Rockabye (feat. Sean Paul & Anne-Marie),Clean Bandit,23163,https://open.spotify.com/track/5knuzwU65gJK7IF5yJsuaW,2017-01-01,pl,"(52.0977181, 19.0258159)"
150,1,Alone,Alan Walker,12990,https://open.spotify.com/track/0JiVRyTJcJnmlwCZ854K4p,2017-01-01,at,"(47.2000338, 13.199959)"
151,2,Rockabye (feat. Sean Paul & Anne-Marie),Clean Bandit,12897,https://open.spotify.com/track/5knuzwU65gJK7IF5yJsuaW,2017-01-01,at,"(47.2000338, 13.199959)"
152,3,Chöre,Mark Forster,10852,https://open.spotify.com/track/2nYpbaLykC2cjU8Yt5KF1v,2017-01-01,at,"(47.2000338, 13.199959)"
153,4,Bad Ideas,Alle Farben,10837,https://open.spotify.com/track/76gwG061wqdatYhicO2hG4,2017-01-01,at,"(47.2000338, 13.199959)"
154,5,Closer,The Chainsmokers,10317,https://open.spotify.com/track/7BKLCZ1jbUBVqRi2FVlTVw,2017-01-01,at,"(47.2000338, 13.199959)"
155,1,Starboy,The Weeknd,15397,https://open.spotify.com/track/5aAx2yezTd8zXrkmtKl66Z,2017-01-01,pt,"(40.033265, -7.8896263)"
156,2,Let Me Love You,DJ Snake,10469,https://open.spotify.com/track/4pdPtRcBmOSQDlJ3Fk945m,2017-01-01,pt,"(40.033265, -7.8896263)"
157,3,24K Magic,Bruno Mars,10196,https://open.spotify.com/track/6b8Be6ljOzmkOmFslEb23P,2017-01-01,pt,"(40.033265, -7.8896263)"
158,4,One Dance,Drake,10105,https://open.spotify.com/track/1xznGGDReH1oQq0xzbwXa3,2017-01-01,pt,"(40.033265, -7.8896263)"
159,5,Closer,The Chainsmokers,10080,https://open.spotify.com/track/7BKLCZ1jbUBVqRi2FVlTVw,2017-01-01,pt,"(40.033265, -7.8896263)"
160,1,Rockabye (feat. Sean Paul & Anne-Marie),Clean Bandit,129472,https://open.spotify.com/track/5knuzwU65gJK7IF5yJsuaW,2017-01-01,se,"(59.6749712, 14.5208584)"
161,2,Alone,Alan Walker,121710,https://open.spotify.com/track/0JiVRyTJcJnmlwCZ854K4p,2017-01-01,se,"(59.6749712, 14.5208584)"
162,3,"I Don’t Wanna Live Forever (Fifty Shades Darker) - From ""Fifty Shades Darker (Original Motion Picture Soundtrack)""",ZAYN,116338,https://open.spotify.com/track/3NdDpSvN911VPGivFlV5d0,2017-01-01,se,"(59.6749712, 14.5208584)"
163,4,Call On Me - Ryan Riback Extended Remix,Starley,113275,https://open.spotify.com/track/78rIJddV4X0HkNAInEcYde,2017-01-01,se,"(59.6749712, 14.5208584)"
164,5,Say You Won't Let Go,James Arthur,105816,https://open.spotify.com/track/5uCax9HTNlzGybIStD3vDh,2017-01-01,se,"(59.6749712, 14.5208584)"
165,1,Chantaje,Shakira,395069,https://open.spotify.com/track/6mICuAdrwEjh6Y6lroV2Kg,2017-01-01,mx,"(22.5000485, -100.0000375)"
166,2,Reggaetón Lento (Bailemos),CNCO,336760,https://open.spotify.com/track/3AEZUABDXNtecAOSC1qTfo,2017-01-01,mx,"(22.5000485, -100.0000375)"
167,3,Vente Pa' Ca,Ricky Martin,300392,https://open.spotify.com/track/7DM4BPaS7uofFul3ywMe46,2017-01-01,mx,"(22.5000485, -100.0000375)"
168,4,Safari,J Balvin,283184,https://open.spotify.com/track/6rQSrBHf7HlZjtcMZ4S4bO,2017-01-01,mx,"(22.5000485, -100.0000375)"
169,5,Otra Vez (feat. J Balvin),Zion & Lennox,254484,https://open.spotify.com/track/3QwBODjSEzelZyVjxPOHdq,2017-01-01,mx,"(22.5000485, -100.0000375)"
170,1,Chantaje,Shakira,9081,https://open.spotify.com/track/6mICuAdrwEjh6Y6lroV2Kg,2017-01-01,pa,"(8.3096067, -81.3066246)"
171,2,Otra Vez (feat. J Balvin),Zion & Lennox,8660,https://open.spotify.com/track/3QwBODjSEzelZyVjxPOHdq,2017-01-01,pa,"(8.3096067, -81.3066246)"
172,3,Safari,J Balvin,8307,https://open.spotify.com/track/6rQSrBHf7HlZjtcMZ4S4bO,2017-01-01,pa,"(8.3096067, -81.3066246)"
173,4,Reggaetón Lento (Bailemos),CNCO,7811,https://open.spotify.com/track/3AEZUABDXNtecAOSC1qTfo,2017-01-01,pa,"(8.3096067, -81.3066246)"
174,5,Vente Pa' Ca,Ricky Martin,7468,https://open.spotify.com/track/7DM4BPaS7uofFul3ywMe46,2017-01-01,pa,"(8.3096067, -81.3066246)"
175,1,Cuando Se Pone a Bailar,Rombai,15516,https://open.spotify.com/track/1MpKZi1zTXpERKwxmOu1PH,2017-01-01,uy,"(-32.8755548, -56.0201525)"
176,2,Reggaetón Lento (Bailemos),CNCO,15275,https://open.spotify.com/track/3AEZUABDXNtecAOSC1qTfo,2017-01-01,uy,"(-32.8755548, -56.0201525)"
177,3,Chantaje,Shakira,15007,https://open.spotify.com/track/6mICuAdrwEjh6Y6lroV2Kg,2017-01-01,uy,"(-32.8755548, -56.0201525)"
178,4,Vente Pa' Ca,Ricky Martin,13268,https://open.spotify.com/track/7DM4BPaS7uofFul3ywMe46,2017-01-01,uy,"(-32.8755548, -56.0201525)"
179,5,Safari,J Balvin,10784,https://open.spotify.com/track/6rQSrBHf7HlZjtcMZ4S4bO,2017-01-01,uy,"(-32.8755548, -56.0201525)"
180,1,Starboy,The Weeknd,3311,https://open.spotify.com/track/5aAx2yezTd8zXrkmtKl66Z,2017-01-01,is,"(64.9841821, -18.1059013)"
181,2,Silfurskotta,Emmsjé Gauti,2292,https://open.spotify.com/track/7LyQvc6mjRxBS5XRC0bTHV,2017-01-01,is,"(64.9841821, -18.1059013)"
182,3,I Feel It Coming,The Weeknd,2247,https://open.spotify.com/track/5GXAXm5YOmYT0kL5jHvYBt,2017-01-01,is,"(64.9841821, -18.1059013)"
183,4,Let Me Love You,DJ Snake,2128,https://open.spotify.com/track/4pdPtRcBmOSQDlJ3Fk945m,2017-01-01,is,"(64.9841821, -18.1059013)"
184,5,Reykjavík,Emmsjé Gauti,2114,https://open.spotify.com/track/4N2Xtuy20ewSeznRQcX6G4,2017-01-01,is,"(64.9841821, -18.1059013)"
185,1,Chantaje,Shakira,189721,https://open.spotify.com/track/6mICuAdrwEjh6Y6lroV2Kg,2017-01-01,es,"(39.3262345, -4.8380649)"
186,2,Reggaetón Lento (Bailemos),CNCO,165291,https://open.spotify.com/track/3AEZUABDXNtecAOSC1qTfo,2017-01-01,es,"(39.3262345, -4.8380649)"
187,3,Safari,J Balvin,141575,https://open.spotify.com/track/6rQSrBHf7HlZjtcMZ4S4bO,2017-01-01,es,"(39.3262345, -4.8380649)"
188,4,Vente Pa' Ca,Ricky Martin,119865,https://open.spotify.com/track/7DM4BPaS7uofFul3ywMe46,2017-01-01,es,"(39.3262345, -4.8380649)"
189,5,La Bicicleta,Carlos Vives,119181,https://open.spotify.com/track/0sXvAOmXgjR2QUqLK1MltU,2017-01-01,es,"(39.3262345, -4.8380649)"
190,1,Closer,The Chainsmokers,6406,https://open.spotify.com/track/7BKLCZ1jbUBVqRi2FVlTVw,2017-01-01,cz,"(49.8167003, 15.4749544)"
191,2,Starboy,The Weeknd,6165,https://open.spotify.com/track/5aAx2yezTd8zXrkmtKl66Z,2017-01-01,cz,"(49.8167003, 15.4749544)"
192,3,Let Me Love You,DJ Snake,6040,https://open.spotify.com/track/4pdPtRcBmOSQDlJ3Fk945m,2017-01-01,cz,"(49.8167003, 15.4749544)"
193,4,Rockabye (feat. Sean Paul & Anne-Marie),Clean Bandit,5416,https://open.spotify.com/track/5knuzwU65gJK7IF5yJsuaW,2017-01-01,cz,"(49.8167003, 15.4749544)"
194,5,Don't Wanna Know,Maroon 5,4865,https://open.spotify.com/track/5MFzQMkrl1FOOng9tq6R9r,2017-01-01,cz,"(49.8167003, 15.4749544)"
195,1,Rockabye (feat. Sean Paul & Anne-Marie),Clean Bandit,24914,https://open.spotify.com/track/5knuzwU65gJK7IF5yJsuaW,2017-01-01,ie,"(52.865196, -7.9794599)"
196,2,Starboy,The Weeknd,20407,https://open.spotify.com/track/5aAx2yezTd8zXrkmtKl66Z,2017-01-01,ie,"(52.865196, -7.9794599)"
197,3,Say You Won't Let Go,James Arthur,18749,https://open.spotify.com/track/5uCax9HTNlzGybIStD3vDh,2017-01-01,ie,"(52.865196, -7.9794599)"
198,4,Sexual,NEIKED,18662,https://open.spotify.com/track/3AsAuGTaDQzavZZThyYlop,2017-01-01,ie,"(52.865196, -7.9794599)"
199,5,All Night,The Vamps,16781,https://open.spotify.com/track/4b4KcovePX8Ke2cLIQTLM0,2017-01-01,ie,"(52.865196, -7.9794599)"
200,1,Energie,Ronnie Flex,112252,https://open.spotify.com/track/1riPE3NCV1OBmSXqpYiMJY,2017-01-01,nl,"(52.5001698, 5.7480821)"
201,2,Rockabye (feat. Sean Paul & Anne-Marie),Clean Bandit,106984,https://open.spotify.com/track/5knuzwU65gJK7IF5yJsuaW,2017-01-01,nl,"(52.5001698, 5.7480821)"
202,3,Say You Won't Let Go,James Arthur,96067,https://open.spotify.com/track/5uCax9HTNlzGybIStD3vDh,2017-01-01,nl,"(52.5001698, 5.7480821)"
203,4,Het Is Een Feit,Broederliefde,91829,https://open.spotify.com/track/0iuLGMsB9xBbg5D4iabTtT,2017-01-01,nl,"(52.5001698, 5.7480821)"
204,5,Starboy,The Weeknd,76076,https://open.spotify.com/track/5aAx2yezTd8zXrkmtKl66Z,2017-01-01,nl,"(52.5001698, 5.7480821)"
205,1,Starboy,The Weeknd,2197,https://open.spotify.com/track/5aAx2yezTd8zXrkmtKl66Z,2017-01-01,sk,"(48.7411522, 19.4528646)"
206,2,Closer,The Chainsmokers,1777,https://open.spotify.com/track/7BKLCZ1jbUBVqRi2FVlTVw,2017-01-01,sk,"(48.7411522, 19.4528646)"
207,3,Let Me Love You,DJ Snake,1732,https://open.spotify.com/track/4pdPtRcBmOSQDlJ3Fk945m,2017-01-01,sk,"(48.7411522, 19.4528646)"
208,4,Rockabye (feat. Sean Paul & Anne-Marie),Clean Bandit,1714,https://open.spotify.com/track/5knuzwU65gJK7IF5yJsuaW,2017-01-01,sk,"(48.7411522, 19.4528646)"
209,5,"I Don’t Wanna Live Forever (Fifty Shades Darker) - From ""Fifty Shades Darker (Original Motion Picture Soundtrack)""",ZAYN,1511,https://open.spotify.com/track/3NdDpSvN911VPGivFlV5d0,2017-01-01,sk,"(48.7411522, 19.4528646)"
210,1,Otra Vez (feat. J Balvin),Zion & Lennox,38341,https://open.spotify.com/track/3QwBODjSEzelZyVjxPOHdq,2017-01-01,co,"(2.8894434, -73.783892)"
211,2,Chantaje,Shakira,30797,https://open.spotify.com/track/6mICuAdrwEjh6Y6lroV2Kg,2017-01-01,co,"(2.8894434, -73.783892)"
212,3,Safari,J Balvin,29805,https://open.spotify.com/track/6rQSrBHf7HlZjtcMZ4S4bO,2017-01-01,co,"(2.8894434, -73.783892)"
213,4,La Bicicleta,Carlos Vives,29357,https://open.spotify.com/track/0sXvAOmXgjR2QUqLK1MltU,2017-01-01,co,"(2.8894434, -73.783892)"
214,5,Ya No Me Duele Más,Silvestre Dangond,28921,https://open.spotify.com/track/4JnJ9ACXmtLkpH61ZvFSaM,2017-01-01,co,"(2.8894434, -73.783892)"
215,1,Closer,The Chainsmokers,30142,https://open.spotify.com/track/7BKLCZ1jbUBVqRi2FVlTVw,2017-01-01,sg,"(1.357107, 103.8194992)"
216,2,Say You Won't Let Go,James Arthur,26576,https://open.spotify.com/track/5uCax9HTNlzGybIStD3vDh,2017-01-01,sg,"(1.357107, 103.8194992)"
217,3,Starboy,The Weeknd,25366,https://open.spotify.com/track/5aAx2yezTd8zXrkmtKl66Z,2017-01-01,sg,"(1.357107, 103.8194992)"
218,4,Let Me Love You,DJ Snake,23237,https://open.spotify.com/track/4pdPtRcBmOSQDlJ3Fk945m,2017-01-01,sg,"(1.357107, 103.8194992)"
219,5,Don't Wanna Know,Maroon 5,20348,https://open.spotify.com/track/5MFzQMkrl1FOOng9tq6R9r,2017-01-01,sg,"(1.357107, 103.8194992)"
220,1,Closer,The Chainsmokers,45330,https://open.spotify.com/track/7BKLCZ1jbUBVqRi2FVlTVw,2017-01-01,id,"(-2.49579265, 120.200071716612)"
221,2,Say You Won't Let Go,James Arthur,40815,https://open.spotify.com/track/5uCax9HTNlzGybIStD3vDh,2017-01-01,id,"(-2.49579265, 120.200071716612)"
222,3,All We Know,The Chainsmokers,39557,https://open.spotify.com/track/2rizacJSyD9S1IQUxUxnsK,2017-01-01,id,"(-2.49579265, 120.200071716612)"
223,4,Let Me Love You,DJ Snake,35205,https://open.spotify.com/track/4pdPtRcBmOSQDlJ3Fk945m,2017-01-01,id,"(-2.49579265, 120.200071716612)"
224,5,Don't Wanna Know,Maroon 5,34084,https://open.spotify.com/track/5MFzQMkrl1FOOng9tq6R9r,2017-01-01,id,"(-2.49579265, 120.200071716612)"
225,1,Chantaje,Shakira,7707,https://open.spotify.com/track/6mICuAdrwEjh6Y6lroV2Kg,2017-01-01,do,"(19.0974031, -70.3028026)"
226,2,Otra Vez (feat. J Balvin),Zion & Lennox,7267,https://open.spotify.com/track/3QwBODjSEzelZyVjxPOHdq,2017-01-01,do,"(19.0974031, -70.3028026)"
227,3,Dile Que Tu Me Quieres,Ozuna,7005,https://open.spotify.com/track/20ZAJdsKB5IGbGj4ilRt2o,2017-01-01,do,"(19.0974031, -70.3028026)"
228,4,"Diles (feat. Arcangel, Nengo Flow, Dj Luian & Mambo Kings)",Farruko,6606,https://open.spotify.com/track/2FrnTVSHjgnEylKGdHRUK1,2017-01-01,do,"(19.0974031, -70.3028026)"
229,5,Dema Ga Ge Gi Go Gu,El Alfa,6313,https://open.spotify.com/track/3T0h2tXX3mQh14mse20s6M,2017-01-01,do,"(19.0974031, -70.3028026)"
230,1,Starboy,The Weeknd,1020,https://open.spotify.com/track/5aAx2yezTd8zXrkmtKl66Z,2017-01-01,lu,"(49.8158683, 6.1296751)"
231,1,Starboy,The Weeknd,1312,https://open.spotify.com/track/5aAx2yezTd8zXrkmtKl66Z,2017-01-02,lu,"(49.8158683, 6.1296751)"
232,2,Rockabye (feat. Sean Paul & Anne-Marie),Clean Bandit,1171,https://open.spotify.com/track/5knuzwU65gJK7IF5yJsuaW,2017-01-02,lu,"(49.8158683, 6.1296751)"
233,3,Let Me Love You,DJ Snake,1040,https://open.spotify.com/track/4pdPtRcBmOSQDlJ3Fk945m,2017-01-02,lu,"(49.8158683, 6.1296751)"
234,1,Starboy,The Weeknd,1335,https://open.spotify.com/track/5aAx2yezTd8zXrkmtKl66Z,2017-01-03,lu,"(49.8158683, 6.1296751)"
235,1,Rockabye (feat. Sean Paul & Anne-Marie),Clean Bandit,272020,https://open.spotify.com/track/5knuzwU65gJK7IF5yJsuaW,2017-01-01,gb,"(54.7023545, -3.2765753)"
236,2,Starboy,The Weeknd,209873,https://open.spotify.com/track/5aAx2yezTd8zXrkmtKl66Z,2017-01-01,gb,"(54.7023545, -3.2765753)"
237,3,Say You Won't Let Go,James Arthur,194633,https://open.spotify.com/track/5uCax9HTNlzGybIStD3vDh,2017-01-01,gb,"(54.7023545, -3.2765753)"
238,4,Sexual,NEIKED,184896,https://open.spotify.com/track/3AsAuGTaDQzavZZThyYlop,2017-01-01,gb,"(54.7023545, -3.2765753)"
239,5,I Would Like,Zara Larsson,182520,https://open.spotify.com/track/4Q4jmPHwu0wrJvqrld0FQ6,2017-01-01,gb,"(54.7023545, -3.2765753)"
240,1,Starboy,The Weeknd,3135625,https://open.spotify.com/track/5aAx2yezTd8zXrkmtKl66Z,2017-01-01,global,"(43.7283874, -79.34914879325)"
241,2,Closer,The Chainsmokers,3015525,https://open.spotify.com/track/7BKLCZ1jbUBVqRi2FVlTVw,2017-01-01,global,"(43.7283874, -79.34914879325)"
242,3,Let Me Love You,DJ Snake,2545384,https://open.spotify.com/track/4pdPtRcBmOSQDlJ3Fk945m,2017-01-01,global,"(43.7283874, -79.34914879325)"
243,4,Rockabye (feat. Sean Paul & Anne-Marie),Clean Bandit,2356604,https://open.spotify.com/track/5knuzwU65gJK7IF5yJsuaW,2017-01-01,global,"(43.7283874, -79.34914879325)"
244,5,One Dance,Drake,2259887,https://open.spotify.com/track/1xznGGDReH1oQq0xzbwXa3,2017-01-01,global,"(43.7283874, -79.34914879325)"
245,1,Chantaje,Shakira,8745,https://open.spotify.com/track/6mICuAdrwEjh6Y6lroV2Kg,2017-01-01,py,"(-23.3165935, -58.1693445)"
246,2,Otra Vez (feat. J Balvin),Zion & Lennox,8411,https://open.spotify.com/track/3QwBODjSEzelZyVjxPOHdq,2017-01-01,py,"(-23.3165935, -58.1693445)"
247,3,Safari,J Balvin,8209,https://open.spotify.com/track/6rQSrBHf7HlZjtcMZ4S4bO,2017-01-01,py,"(-23.3165935, -58.1693445)"
248,4,Reggaetón Lento (Bailemos),CNCO,7618,https://open.spotify.com/track/3AEZUABDXNtecAOSC1qTfo,2017-01-01,py,"(-23.3165935, -58.1693445)"
249,5,Vente Pa' Ca,Ricky Martin,6873,https://open.spotify.com/track/7DM4BPaS7uofFul3ywMe46,2017-01-01,py,"(-23.3165935, -58.1693445)"
250,1,Starboy,The Weeknd,107350,https://open.spotify.com/track/5aAx2yezTd8zXrkmtKl66Z,2017-01-01,au,"(-24.7761086, 134.755)"
251,2,Rockabye (feat. Sean Paul & Anne-Marie),Clean Bandit,105111,https://open.spotify.com/track/5knuzwU65gJK7IF5yJsuaW,2017-01-01,au,"(-24.7761086, 134.755)"
252,3,Closer,The Chainsmokers,100617,https://open.spotify.com/track/7BKLCZ1jbUBVqRi2FVlTVw,2017-01-01,au,"(-24.7761086, 134.755)"
253,4,"I Don’t Wanna Live Forever (Fifty Shades Darker) - From ""Fifty Shades Darker (Original Motion Picture Soundtrack)""",ZAYN,88335,https://open.spotify.com/track/3NdDpSvN911VPGivFlV5d0,2017-01-01,au,"(-24.7761086, 134.755)"
254,5,Call On Me - Ryan Riback Extended Remix,Starley,83729,https://open.spotify.com/track/78rIJddV4X0HkNAInEcYde,2017-01-01,au,"(-24.7761086, 134.755)"
255,1,Starboy,The Weeknd,2059,https://open.spotify.com/track/5aAx2yezTd8zXrkmtKl66Z,2017-01-01,lv,"(56.8406494, 24.7537645)"
256,2,Closer,The Chainsmokers,1775,https://open.spotify.com/track/7BKLCZ1jbUBVqRi2FVlTVw,2017-01-01,lv,"(56.8406494, 24.7537645)"
257,3,Let Me Love You,DJ Snake,1522,https://open.spotify.com/track/4pdPtRcBmOSQDlJ3Fk945m,2017-01-01,lv,"(56.8406494, 24.7537645)"
258,4,"I Don’t Wanna Live Forever (Fifty Shades Darker) - From ""Fifty Shades Darker (Original Motion Picture Soundtrack)""",ZAYN,1475,https://open.spotify.com/track/3NdDpSvN911VPGivFlV5d0,2017-01-01,lv,"(56.8406494, 24.7537645)"
259,5,Black Beatles,Rae Sremmurd,1442,https://open.spotify.com/track/6fujklziTHa8uoM5OQSfIo,2017-01-01,lv,"(56.8406494, 24.7537645)"
260,1,Starboy,The Weeknd,4209,https://open.spotify.com/track/5aAx2yezTd8zXrkmtKl66Z,2017-01-01,gr,"(38.9953683, 21.9877132)"
261,2,Let Me Love You,DJ Snake,2467,https://open.spotify.com/track/4pdPtRcBmOSQDlJ3Fk945m,2017-01-01,gr,"(38.9953683, 21.9877132)"
262,3,Closer,The Chainsmokers,2450,https://open.spotify.com/track/7BKLCZ1jbUBVqRi2FVlTVw,2017-01-01,gr,"(38.9953683, 21.9877132)"
263,4,Rockabye (feat. Sean Paul & Anne-Marie),Clean Bandit,2183,https://open.spotify.com/track/5knuzwU65gJK7IF5yJsuaW,2017-01-01,gr,"(38.9953683, 21.9877132)"
264,5,"I Don’t Wanna Live Forever (Fifty Shades Darker) - From ""Fifty Shades Darker (Original Motion Picture Soundtrack)""",ZAYN,2045,https://open.spotify.com/track/3NdDpSvN911VPGivFlV5d0,2017-01-01,gr,"(38.9953683, 21.9877132)"
265,1,Closer,The Chainsmokers,12831,https://open.spotify.com/track/7BKLCZ1jbUBVqRi2FVlTVw,2017-01-01,hk,"(22.350627, 114.1849161)"
266,2,Starboy,The Weeknd,9626,https://open.spotify.com/track/5aAx2yezTd8zXrkmtKl66Z,2017-01-01,hk,"(22.350627, 114.1849161)"
267,3,Let Me Love You,DJ Snake,9499,https://open.spotify.com/track/4pdPtRcBmOSQDlJ3Fk945m,2017-01-01,hk,"(22.350627, 114.1849161)"
268,4,"I Don’t Wanna Live Forever (Fifty Shades Darker) - From ""Fifty Shades Darker (Original Motion Picture Soundtrack)""",ZAYN,8210,https://open.spotify.com/track/3NdDpSvN911VPGivFlV5d0,2017-01-01,hk,"(22.350627, 114.1849161)"
269,5,Don't Wanna Know,Maroon 5,7606,https://open.spotify.com/track/5MFzQMkrl1FOOng9tq6R9r,2017-01-01,hk,"(22.350627, 114.1849161)"
